company,month,vehicle_count
Bermaz Auto Berhad,2018-01-01,1411
Bermaz Auto Berhad,2018-02-01,1065
Bermaz Auto Berhad,2018-03-01,1176
Bermaz Auto Berhad,2018-04-01,1034
Bermaz Auto Berhad,2018-05-01,515
Bermaz Auto Berhad,2018-06-01,1519
Bermaz Auto Berhad,2018-07-01,1026
Bermaz Auto Berhad,2018-08-01,2031
Bermaz Auto Berhad,2018-09-01,1209
Bermaz Auto Berhad,2018-10-01,1759
Bermaz Auto Berhad,2018-11-01,1892
Bermaz Auto Berhad,2018-12-01,1456
Bermaz Auto Berhad,2019-01-01,1574
Bermaz Auto Berhad,2019-02-01,741
Bermaz Auto Berhad,2019-03-01,1015
Bermaz Auto Berhad,2019-04-01,1153
Bermaz Auto Berhad,2019-05-01,1174
Bermaz Auto Berhad,2019-06-01,691
Bermaz Auto Berhad,2019-07-01,965
Bermaz Auto Berhad,2019-08-01,1061
Bermaz Auto Berhad,2019-09-01,557
Bermaz Auto Berhad,2019-10-01,794
Bermaz Auto Berhad,2019-11-01,880
Bermaz Auto Berhad,2019-12-01,890
Bermaz Auto Berhad,2020-01-01,1193
Bermaz Auto Berhad,2020-02-01,1073
Bermaz Auto Berhad,2020-03-01,777
Bermaz Auto Berhad,2020-04-01,7
Bermaz Auto Berhad,2020-05-01,512
Bermaz Auto Berhad,2020-06-01,934
Bermaz Auto Berhad,2020-07-01,1551
Bermaz Auto Berhad,2020-08-01,1195
Bermaz Auto Berhad,2020-09-01,1200
Bermaz Auto Berhad,2020-10-01,1522
Bermaz Auto Berhad,2020-11-01,1385
Bermaz Auto Berhad,2020-12-01,1847
Bermaz Auto Berhad,2021-01-01,419
Bermaz Auto Berhad,2021-02-01,714
Bermaz Auto Berhad,2021-03-01,1339
Bermaz Auto Berhad,2021-04-01,1716
Bermaz Auto Berhad,2021-05-01,1528
Bermaz Auto Berhad,2021-06-01,66
Bermaz Auto Berhad,2021-07-01,223
Bermaz Auto Berhad,2021-08-01,771
Bermaz Auto Berhad,2021-09-01,911
Bermaz Auto Berhad,2021-10-01,1284
Bermaz Auto Berhad,2021-11-01,1446
Bermaz Auto Berhad,2021-12-01,1347
Bermaz Auto Berhad,2022-01-01,1104
Bermaz Auto Berhad,2022-02-01,707
Bermaz Auto Berhad,2022-03-01,2566
Bermaz Auto Berhad,2022-04-01,2139
Bermaz Auto Berhad,2022-05-01,1575
Bermaz Auto Berhad,2022-06-01,797
Bermaz Auto Berhad,2022-07-01,1470
Bermaz Auto Berhad,2022-08-01,1691
Bermaz Auto Berhad,2022-09-01,1284
Bermaz Auto Berhad,2022-10-01,1261
Bermaz Auto Berhad,2022-11-01,1555
Bermaz Auto Berhad,2022-12-01,1876
Bermaz Auto Berhad,2023-01-01,1933
Bermaz Auto Berhad,2023-02-01,1821
Bermaz Auto Berhad,2023-03-01,2449
Bermaz Auto Berhad,2023-04-01,1752
Bermaz Auto Berhad,2023-05-01,2119
Bermaz Auto Berhad,2023-06-01,2024
Bermaz Auto Berhad,2023-07-01,2098
Bermaz Auto Berhad,2023-08-01,2215
Bermaz Auto Berhad,2023-09-01,1660
Bermaz Auto Berhad,2023-10-01,2003
Bermaz Auto Berhad,2023-11-01,1742
Bermaz Auto Berhad,2023-12-01,1684
Bermaz Auto Berhad,2024-01-01,1544
Bermaz Auto Berhad,2024-02-01,1896
Bermaz Auto Berhad,2024-03-01,1791
Bermaz Auto Berhad,2024-04-01,1468
Bermaz Auto Berhad,2024-05-01,1600
Bermaz Auto Berhad,2024-06-01,1361
Bermaz Auto Berhad,2024-07-01,1637
Bermaz Auto Berhad,2024-08-01,1256
Bermaz Auto Berhad,2024-09-01,1086
Bermaz Auto Berhad,2024-10-01,1324
Bermaz Auto Berhad,2024-11-01,1130
Bermaz Auto Berhad,2024-12-01,1524
Bermaz Auto Berhad,2025-01-01,943
Bermaz Auto Berhad,2025-02-01,863
Bermaz Auto Berhad,2025-03-01,1167
DRB-HICOM Berhad,2018-01-01,16282
DRB-HICOM Berhad,2018-02-01,13871
DRB-HICOM Berhad,2018-03-01,16545
DRB-HICOM Berhad,2018-04-01,14525
DRB-HICOM Berhad,2018-05-01,13672
DRB-HICOM Berhad,2018-06-01,23042
DRB-HICOM Berhad,2018-07-01,24905
DRB-HICOM Berhad,2018-08-01,25796
DRB-HICOM Berhad,2018-09-01,11227
DRB-HICOM Berhad,2018-10-01,14760
DRB-HICOM Berhad,2018-11-01,14308
DRB-HICOM Berhad,2018-12-01,16685
DRB-HICOM Berhad,2019-01-01,17843
DRB-HICOM Berhad,2019-02-01,13255
DRB-HICOM Berhad,2019-03-01,17926
DRB-HICOM Berhad,2019-04-01,16067
DRB-HICOM Berhad,2019-05-01,24270
DRB-HICOM Berhad,2019-06-01,14969
DRB-HICOM Berhad,2019-07-01,19109
DRB-HICOM Berhad,2019-08-01,19288
DRB-HICOM Berhad,2019-09-01,17092
DRB-HICOM Berhad,2019-10-01,18474
DRB-HICOM Berhad,2019-11-01,19203
DRB-HICOM Berhad,2019-12-01,21518
DRB-HICOM Berhad,2020-01-01,17079
DRB-HICOM Berhad,2020-02-01,13891
DRB-HICOM Berhad,2020-03-01,7847
DRB-HICOM Berhad,2020-04-01,53
DRB-HICOM Berhad,2020-05-01,9740
DRB-HICOM Berhad,2020-06-01,15296
DRB-HICOM Berhad,2020-07-01,22867
DRB-HICOM Berhad,2020-08-01,20114
DRB-HICOM Berhad,2020-09-01,21325
DRB-HICOM Berhad,2020-10-01,19102
DRB-HICOM Berhad,2020-11-01,22911
DRB-HICOM Berhad,2020-12-01,27833
DRB-HICOM Berhad,2021-01-01,10265
DRB-HICOM Berhad,2021-02-01,18713
DRB-HICOM Berhad,2021-03-01,27338
DRB-HICOM Berhad,2021-04-01,23598
DRB-HICOM Berhad,2021-05-01,17346
DRB-HICOM Berhad,2021-06-01,736
DRB-HICOM Berhad,2021-07-01,3938
DRB-HICOM Berhad,2021-08-01,6044
DRB-HICOM Berhad,2021-09-01,18005
DRB-HICOM Berhad,2021-10-01,23451
DRB-HICOM Berhad,2021-11-01,25859
DRB-HICOM Berhad,2021-12-01,26241
DRB-HICOM Berhad,2022-01-01,12549
DRB-HICOM Berhad,2022-02-01,17775
DRB-HICOM Berhad,2022-03-01,28528
DRB-HICOM Berhad,2022-04-01,19102
DRB-HICOM Berhad,2022-05-01,18961
DRB-HICOM Berhad,2022-06-01,27125
DRB-HICOM Berhad,2022-07-01,20746
DRB-HICOM Berhad,2022-08-01,27960
DRB-HICOM Berhad,2022-09-01,26980
DRB-HICOM Berhad,2022-10-01,22489
DRB-HICOM Berhad,2022-11-01,21840
DRB-HICOM Berhad,2022-12-01,26423
DRB-HICOM Berhad,2023-01-01,18179
DRB-HICOM Berhad,2023-02-01,24733
DRB-HICOM Berhad,2023-03-01,28479
DRB-HICOM Berhad,2023-04-01,17910
DRB-HICOM Berhad,2023-05-01,24212
DRB-HICOM Berhad,2023-06-01,23908
DRB-HICOM Berhad,2023-07-01,22780
DRB-HICOM Berhad,2023-08-01,25949
DRB-HICOM Berhad,2023-09-01,22066
DRB-HICOM Berhad,2023-10-01,23871
DRB-HICOM Berhad,2023-11-01,23875
DRB-HICOM Berhad,2023-12-01,27256
DRB-HICOM Berhad,2024-01-01,23679
DRB-HICOM Berhad,2024-02-01,22724
DRB-HICOM Berhad,2024-03-01,24578
DRB-HICOM Berhad,2024-04-01,18859
DRB-HICOM Berhad,2024-05-01,21686
DRB-HICOM Berhad,2024-06-01,20596
DRB-HICOM Berhad,2024-07-01,25438
DRB-HICOM Berhad,2024-08-01,22788
DRB-HICOM Berhad,2024-09-01,19660
DRB-HICOM Berhad,2024-10-01,21884
DRB-HICOM Berhad,2024-11-01,21357
DRB-HICOM Berhad,2024-12-01,26658
DRB-HICOM Berhad,2025-01-01,15939
DRB-HICOM Berhad,2025-02-01,20639
DRB-HICOM Berhad,2025-03-01,26087
Sime Darby Berhad,2018-01-01,1849
Sime Darby Berhad,2018-02-01,1907
Sime Darby Berhad,2018-03-01,2041
Sime Darby Berhad,2018-04-01,2404
Sime Darby Berhad,2018-05-01,886
Sime Darby Berhad,2018-06-01,3404
Sime Darby Berhad,2018-07-01,3166
Sime Darby Berhad,2018-08-01,4103
Sime Darby Berhad,2018-09-01,1875
Sime Darby Berhad,2018-10-01,1742
Sime Darby Berhad,2018-11-01,1678
Sime Darby Berhad,2018-12-01,2027
Sime Darby Berhad,2019-01-01,1852
Sime Darby Berhad,2019-02-01,1450
Sime Darby Berhad,2019-03-01,2112
Sime Darby Berhad,2019-04-01,2011
Sime Darby Berhad,2019-05-01,2011
Sime Darby Berhad,2019-06-01,1881
Sime Darby Berhad,2019-07-01,1795
Sime Darby Berhad,2019-08-01,2125
Sime Darby Berhad,2019-09-01,1582
Sime Darby Berhad,2019-10-01,1908
Sime Darby Berhad,2019-11-01,1918
Sime Darby Berhad,2019-12-01,2210
Sime Darby Berhad,2020-01-01,2071
Sime Darby Berhad,2020-02-01,1737
Sime Darby Berhad,2020-03-01,898
Sime Darby Berhad,2020-04-01,5
Sime Darby Berhad,2020-05-01,900
Sime Darby Berhad,2020-06-01,1733
Sime Darby Berhad,2020-07-01,2796
Sime Darby Berhad,2020-08-01,2153
Sime Darby Berhad,2020-09-01,2611
Sime Darby Berhad,2020-10-01,2043
Sime Darby Berhad,2020-11-01,2092
Sime Darby Berhad,2020-12-01,2617
Sime Darby Berhad,2021-01-01,1256
Sime Darby Berhad,2021-02-01,1483
Sime Darby Berhad,2021-03-01,2092
Sime Darby Berhad,2021-04-01,1873
Sime Darby Berhad,2021-05-01,1509
Sime Darby Berhad,2021-06-01,77
Sime Darby Berhad,2021-07-01,890
Sime Darby Berhad,2021-08-01,1305
Sime Darby Berhad,2021-09-01,2068
Sime Darby Berhad,2021-10-01,2321
Sime Darby Berhad,2021-11-01,2498
Sime Darby Berhad,2021-12-01,3396
Sime Darby Berhad,2022-01-01,1907
Sime Darby Berhad,2022-02-01,1684
Sime Darby Berhad,2022-03-01,2711
Sime Darby Berhad,2022-04-01,2578
Sime Darby Berhad,2022-05-01,2267
Sime Darby Berhad,2022-06-01,2773
Sime Darby Berhad,2022-07-01,1877
Sime Darby Berhad,2022-08-01,1844
Sime Darby Berhad,2022-09-01,2448
Sime Darby Berhad,2022-10-01,2183
Sime Darby Berhad,2022-11-01,2500
Sime Darby Berhad,2022-12-01,2963
Sime Darby Berhad,2023-01-01,1992
Sime Darby Berhad,2023-02-01,2656
Sime Darby Berhad,2023-03-01,3620
Sime Darby Berhad,2023-04-01,2287
Sime Darby Berhad,2023-05-01,3589
Sime Darby Berhad,2023-06-01,3028
Sime Darby Berhad,2023-07-01,2743
Sime Darby Berhad,2023-08-01,3081
Sime Darby Berhad,2023-09-01,3607
Sime Darby Berhad,2023-10-01,4862
Sime Darby Berhad,2023-11-01,4583
Sime Darby Berhad,2023-12-01,5015
Sime Darby Berhad,2024-01-01,4397
Sime Darby Berhad,2024-02-01,3958
Sime Darby Berhad,2024-03-01,4830
Sime Darby Berhad,2024-04-01,4178
Sime Darby Berhad,2024-05-01,3900
Sime Darby Berhad,2024-06-01,3612
Sime Darby Berhad,2024-07-01,3917
Sime Darby Berhad,2024-08-01,4174
Sime Darby Berhad,2024-09-01,4632
Sime Darby Berhad,2024-10-01,4832
Sime Darby Berhad,2024-11-01,4700
Sime Darby Berhad,2024-12-01,6460
Sime Darby Berhad,2025-01-01,3916
Sime Darby Berhad,2025-02-01,4495
Sime Darby Berhad,2025-03-01,5697
Sime UMW Holdings Berhad,2018-01-01,24302
Sime UMW Holdings Berhad,2018-02-01,22285
Sime UMW Holdings Berhad,2018-03-01,26862
Sime UMW Holdings Berhad,2018-04-01,26896
Sime UMW Holdings Berhad,2018-05-01,26113
Sime UMW Holdings Berhad,2018-06-01,32030
Sime UMW Holdings Berhad,2018-07-01,35777
Sime UMW Holdings Berhad,2018-08-01,30539
Sime UMW Holdings Berhad,2018-09-01,14066
Sime UMW Holdings Berhad,2018-10-01,25287
Sime UMW Holdings Berhad,2018-11-01,25554
Sime UMW Holdings Berhad,2018-12-01,22941
Sime UMW Holdings Berhad,2019-01-01,26000
Sime UMW Holdings Berhad,2019-02-01,21324
Sime UMW Holdings Berhad,2019-03-01,31080
Sime UMW Holdings Berhad,2019-04-01,28924
Sime UMW Holdings Berhad,2019-05-01,32055
Sime UMW Holdings Berhad,2019-06-01,21529
Sime UMW Holdings Berhad,2019-07-01,27748
Sime UMW Holdings Berhad,2019-08-01,27122
Sime UMW Holdings Berhad,2019-09-01,23396
Sime UMW Holdings Berhad,2019-10-01,30244
Sime UMW Holdings Berhad,2019-11-01,27901
Sime UMW Holdings Berhad,2019-12-01,27535
Sime UMW Holdings Berhad,2020-01-01,24776
Sime UMW Holdings Berhad,2020-02-01,24528
Sime UMW Holdings Berhad,2020-03-01,12667
Sime UMW Holdings Berhad,2020-04-01,61
Sime UMW Holdings Berhad,2020-05-01,12105
Sime UMW Holdings Berhad,2020-06-01,26872
Sime UMW Holdings Berhad,2020-07-01,32581
Sime UMW Holdings Berhad,2020-08-01,29803
Sime UMW Holdings Berhad,2020-09-01,32764
Sime UMW Holdings Berhad,2020-10-01,34929
Sime UMW Holdings Berhad,2020-11-01,30570
Sime UMW Holdings Berhad,2020-12-01,35449
Sime UMW Holdings Berhad,2021-01-01,22007
Sime UMW Holdings Berhad,2021-02-01,22475
Sime UMW Holdings Berhad,2021-03-01,33735
Sime UMW Holdings Berhad,2021-04-01,31501
Sime UMW Holdings Berhad,2021-05-01,27169
Sime UMW Holdings Berhad,2021-06-01,1148
Sime UMW Holdings Berhad,2021-07-01,2920
Sime UMW Holdings Berhad,2021-08-01,10286
Sime UMW Holdings Berhad,2021-09-01,23275
Sime UMW Holdings Berhad,2021-10-01,38085
Sime UMW Holdings Berhad,2021-11-01,31099
Sime UMW Holdings Berhad,2021-12-01,34754
Sime UMW Holdings Berhad,2022-01-01,27345
Sime UMW Holdings Berhad,2022-02-01,24703
Sime UMW Holdings Berhad,2022-03-01,37149
Sime UMW Holdings Berhad,2022-04-01,35252
Sime UMW Holdings Berhad,2022-05-01,28080
Sime UMW Holdings Berhad,2022-06-01,33088
Sime UMW Holdings Berhad,2022-07-01,27320
Sime UMW Holdings Berhad,2022-08-01,37054
Sime UMW Holdings Berhad,2022-09-01,35756
Sime UMW Holdings Berhad,2022-10-01,36743
Sime UMW Holdings Berhad,2022-11-01,40752
Sime UMW Holdings Berhad,2022-12-01,43264
Sime UMW Holdings Berhad,2023-01-01,30310
Sime UMW Holdings Berhad,2023-02-01,35539
Sime UMW Holdings Berhad,2023-03-01,43398
Sime UMW Holdings Berhad,2023-04-01,27973
Sime UMW Holdings Berhad,2023-05-01,34826
Sime UMW Holdings Berhad,2023-06-01,33273
Sime UMW Holdings Berhad,2023-07-01,38663
Sime UMW Holdings Berhad,2023-08-01,43497
Sime UMW Holdings Berhad,2023-09-01,39893
Sime UMW Holdings Berhad,2023-10-01,46749
Sime UMW Holdings Berhad,2023-11-01,44228
Sime UMW Holdings Berhad,2023-12-01,43144
Sime UMW Holdings Berhad,2024-01-01,38114
Sime UMW Holdings Berhad,2024-02-01,36497
Sime UMW Holdings Berhad,2024-03-01,40694
Sime UMW Holdings Berhad,2024-04-01,36766
Sime UMW Holdings Berhad,2024-05-01,43892
Sime UMW Holdings Berhad,2024-06-01,33260
Sime UMW Holdings Berhad,2024-07-01,43437
Sime UMW Holdings Berhad,2024-08-01,45480
Sime UMW Holdings Berhad,2024-09-01,33422
Sime UMW Holdings Berhad,2024-10-01,44828
Sime UMW Holdings Berhad,2024-11-01,42130
Sime UMW Holdings Berhad,2024-12-01,46945
Sime UMW Holdings Berhad,2025-01-01,30824
Sime UMW Holdings Berhad,2025-02-01,39226
Sime UMW Holdings Berhad,2025-03-01,41247
Tan Chong Motor Holdings Berhad,2018-01-01,2425
Tan Chong Motor Holdings Berhad,2018-02-01,1678
Tan Chong Motor Holdings Berhad,2018-03-01,2256
Tan Chong Motor Holdings Berhad,2018-04-01,2035
Tan Chong Motor Holdings Berhad,2018-05-01,2698
Tan Chong Motor Holdings Berhad,2018-06-01,3863
Tan Chong Motor Holdings Berhad,2018-07-01,4473
Tan Chong Motor Holdings Berhad,2018-08-01,6037
Tan Chong Motor Holdings Berhad,2018-09-01,1681
Tan Chong Motor Holdings Berhad,2018-10-01,2262
Tan Chong Motor Holdings Berhad,2018-11-01,2257
Tan Chong Motor Holdings Berhad,2018-12-01,2890
Tan Chong Motor Holdings Berhad,2019-01-01,2349
Tan Chong Motor Holdings Berhad,2019-02-01,1358
Tan Chong Motor Holdings Berhad,2019-03-01,2059
Tan Chong Motor Holdings Berhad,2019-04-01,2220
Tan Chong Motor Holdings Berhad,2019-05-01,2517
Tan Chong Motor Holdings Berhad,2019-06-01,1659
Tan Chong Motor Holdings Berhad,2019-07-01,2526
Tan Chong Motor Holdings Berhad,2019-08-01,1961
Tan Chong Motor Holdings Berhad,2019-09-01,2023
Tan Chong Motor Holdings Berhad,2019-10-01,2049
Tan Chong Motor Holdings Berhad,2019-11-01,1990
Tan Chong Motor Holdings Berhad,2019-12-01,2296
Tan Chong Motor Holdings Berhad,2020-01-01,1898
Tan Chong Motor Holdings Berhad,2020-02-01,1620
Tan Chong Motor Holdings Berhad,2020-03-01,550
Tan Chong Motor Holdings Berhad,2020-04-01,3
Tan Chong Motor Holdings Berhad,2020-05-01,893
Tan Chong Motor Holdings Berhad,2020-06-01,1429
Tan Chong Motor Holdings Berhad,2020-07-01,2123
Tan Chong Motor Holdings Berhad,2020-08-01,1977
Tan Chong Motor Holdings Berhad,2020-09-01,1801
Tan Chong Motor Holdings Berhad,2020-10-01,1424
Tan Chong Motor Holdings Berhad,2020-11-01,1627
Tan Chong Motor Holdings Berhad,2020-12-01,2172
Tan Chong Motor Holdings Berhad,2021-01-01,899
Tan Chong Motor Holdings Berhad,2021-02-01,748
Tan Chong Motor Holdings Berhad,2021-03-01,1351
Tan Chong Motor Holdings Berhad,2021-04-01,1783
Tan Chong Motor Holdings Berhad,2021-05-01,1565
Tan Chong Motor Holdings Berhad,2021-06-01,32
Tan Chong Motor Holdings Berhad,2021-07-01,255
Tan Chong Motor Holdings Berhad,2021-08-01,509
Tan Chong Motor Holdings Berhad,2021-09-01,1385
Tan Chong Motor Holdings Berhad,2021-10-01,1640
Tan Chong Motor Holdings Berhad,2021-11-01,1546
Tan Chong Motor Holdings Berhad,2021-12-01,1832
Tan Chong Motor Holdings Berhad,2022-01-01,1244
Tan Chong Motor Holdings Berhad,2022-02-01,962
Tan Chong Motor Holdings Berhad,2022-03-01,1988
Tan Chong Motor Holdings Berhad,2022-04-01,1773
Tan Chong Motor Holdings Berhad,2022-05-01,1538
Tan Chong Motor Holdings Berhad,2022-06-01,1328
Tan Chong Motor Holdings Berhad,2022-07-01,1328
Tan Chong Motor Holdings Berhad,2022-08-01,1357
Tan Chong Motor Holdings Berhad,2022-09-01,1239
Tan Chong Motor Holdings Berhad,2022-10-01,1136
Tan Chong Motor Holdings Berhad,2022-11-01,1039
Tan Chong Motor Holdings Berhad,2022-12-01,1172
Tan Chong Motor Holdings Berhad,2023-01-01,799
Tan Chong Motor Holdings Berhad,2023-02-01,968
Tan Chong Motor Holdings Berhad,2023-03-01,1308
Tan Chong Motor Holdings Berhad,2023-04-01,976
Tan Chong Motor Holdings Berhad,2023-05-01,1114
Tan Chong Motor Holdings Berhad,2023-06-01,971
Tan Chong Motor Holdings Berhad,2023-07-01,923
Tan Chong Motor Holdings Berhad,2023-08-01,969
Tan Chong Motor Holdings Berhad,2023-09-01,968
Tan Chong Motor Holdings Berhad,2023-10-01,1032
Tan Chong Motor Holdings Berhad,2023-11-01,1088
Tan Chong Motor Holdings Berhad,2023-12-01,991
Tan Chong Motor Holdings Berhad,2024-01-01,1021
Tan Chong Motor Holdings Berhad,2024-02-01,800
Tan Chong Motor Holdings Berhad,2024-03-01,1021
Tan Chong Motor Holdings Berhad,2024-04-01,843
Tan Chong Motor Holdings Berhad,2024-05-01,956
Tan Chong Motor Holdings Berhad,2024-06-01,913
Tan Chong Motor Holdings Berhad,2024-07-01,954
Tan Chong Motor Holdings Berhad,2024-08-01,674
Tan Chong Motor Holdings Berhad,2024-09-01,636
Tan Chong Motor Holdings Berhad,2024-10-01,631
Tan Chong Motor Holdings Berhad,2024-11-01,646
Tan Chong Motor Holdings Berhad,2024-12-01,668
Tan Chong Motor Holdings Berhad,2025-01-01,811
Tan Chong Motor Holdings Berhad,2025-02-01,695
Tan Chong Motor Holdings Berhad,2025-03-01,830
